パスワード,枚数,カード名,種類,☆,属性,種族,攻撃力,守備力,効果・説明
03298689,2,ＲＵＭ-幻影騎士団ラウンチ,速攻魔法,,,,,,(1)：自分・相手のメインフェイズに、自分フィールドのＸ素材の無い闇属性Ｘモンスター１体を対象として発動できる。その自分のモンスターよりランクが１つ高い闇属性Ｘモンスター１体を、対象のモンスターの上に重ねてＸ召喚扱いとしてエクストラデッキから特殊召喚し、このカードを下に重ねてＸ素材とする。(2)：自分メインフェイズに墓地のこのカードを除外し、自分フィールドの闇属性Ｘモンスター１体を対象として発動できる。手札の「幻影騎士団」モンスター１体を、そのモンスターの下に重ねてＸ素材とする。
03576031,3,クリスタルＰ,フィールド魔法,,,,,,(1)：自分フィールドの「クリストロン」モンスターの攻撃力・守備力は３００アップする。(2)：自分・相手のエンドフェイズに発動できる。このターン自分がＳ召喚した「クリストロン」Ｓモンスターの数だけ、自分はデッキからドローする。
03966653,2,花札衛-猪鹿蝶-,S効果,6.0,闇,戦士,2000,2000,チューナー＋チューナー以外のモンスター２体(1)：このカードがモンスターゾーンに存在する限り、自分の「花札衛」モンスターが守備表示モンスターを攻撃した場合、その守備力を攻撃力が超えた分だけ相手に戦闘ダメージを与える。(2)：１ターンに１度、自分の墓地の「花札衛」モンスター１体を除外して発動できる。次の相手ターン終了時まで、相手は墓地のカードの効果を発動できず、墓地からモンスターを特殊召喚できない。
04688231,1,メタルフォーゼ・ミスリエル,融合効果,6.0,炎,サイキック,2600,1000,「メタルフォーゼ」モンスター＋Ｐモンスター「メタルフォーゼ・ミスリエル」の(1)の効果は１ターンに１度しか使用できない。(1)：自分の墓地の「メタルフォーゼ」カード２枚とフィールドのカード１枚を対象として発動できる。墓地の対象のカードをデッキに戻し、フィールドの対象のカードを持ち主の手札に戻す。(2)：このカードがフィールドから墓地へ送られた場合に発動できる。自分のエクストラデッキの表側表示の「メタルフォーゼ」Ｐモンスターまたは自分の墓地の「メタルフォーゼ」Ｐモンスター１体を選んで特殊召喚する。
04688231,1,メタルフォーゼ・ミスリエル,融合効果,6.0,炎,サイキック,2600,1000,「メタルフォーゼ」モンスター＋Ｐモンスター「メタルフォーゼ・ミスリエル」の(1)の効果は１ターンに１度しか使用できない。(1)：自分の墓地の「メタルフォーゼ」カード２枚とフィールドのカード１枚を対象として発動できる。墓地の対象のカードをデッキに戻し、フィールドの対象のカードを持ち主の手札に戻す。(2)：このカードがフィールドから墓地へ送られた場合に発動できる。自分のエクストラデッキの表側表示の「メタルフォーゼ」Ｐモンスターまたは自分の墓地の「メタルフォーゼ」Ｐモンスター１体を選んで特殊召喚する。
04810828,2,古聖戴サウラヴィス,儀式効果,7.0,光,ドラゴン,2600,2800,「精霊の祝福」により降臨。(1)：自分フィールドのモンスターを対象とする魔法・罠・モンスターの効果を相手が発動した時、このカードを手札から捨てて発動できる。その発動を無効にする。(2)：相手がモンスターを特殊召喚する際に、フィールドのこのカードを持ち主の手札に戻して発動できる。その特殊召喚を無効にし、そのモンスターを除外する。
04810828,2,古聖戴サウラヴィス,儀式効果,7.0,光,ドラゴン,2600,2800,「精霊の祝福」により降臨。(1)：自分フィールドのモンスターを対象とする魔法・罠・モンスターの効果を相手が発動した時、このカードを手札から捨てて発動できる。その発動を無効にする。(2)：相手がモンスターを特殊召喚する際に、フィールドのこのカードを持ち主の手札に戻して発動できる。その特殊召喚を無効にし、そのモンスターを除外する。
09105797,1,,,,,,,,
11377535531,1,,,,,,,,
117871506,1,,,,,,,,
164414267,1,,,,,,,,
16759958,2,アロマセラフィ-アンゼリカ,チューナー効果,1.0,光,植物,0,0,「アロマセラフィ-アンゼリカ」の(1)(2)の効果はそれぞれ１ターンに１度しか使用できない。(1)：このカードを手札から捨て、自分の墓地の「アロマ」モンスター１体を対象として発動できる。そのモンスターの攻撃力分だけ自分のＬＰを回復する。この効果は相手ターンでも発動できる。(2)：このカードが墓地に存在し、自分のＬＰが相手より多く、自分フィールドに「アロマ」モンスターが存在する場合に発動できる。このカードを墓地から特殊召喚する。この効果で特殊召喚したカードは、フィールドから離れた場合に除外される。
171673,1,,,,,,,,
17871506,5,真紅眼の凶星竜-メテオ・ドラゴン,デュアル,6.0,闇,ドラゴン,1800,2000,(1)：このカードはフィールド・墓地に存在する限り、通常モンスターとして扱う。(2)：フィールドの通常モンスター扱いのこのカードを通常召喚としてもう１度召喚できる。その場合このカードは効果モンスター扱いとなり以下の効果を得る。●このカードがモンスターゾーンに存在する限り、このカード以外の自分フィールドの「レッドアイズ」モンスターは戦闘・効果では破壊されない。
18716735,3,レアメタルフォーゼ・ビスマギア,P効果,1.0,炎,サイキック,0,0,【Ｐスケール：青８／赤８】(1)：１ターンに１度、このカード以外の自分フィールドの表側表示のカード１枚を対象として発動できる。そのカードを破壊し、デッキから「メタルフォーゼ」魔法・罠カード１枚を選んで自分フィールドにセットする。【モンスター効果】「レアメタルフォーゼ・ビスマギア」のモンスター効果は１ターンに１度しか使用できない。(1)：フィールドのこのカードが戦闘・効果で破壊された場合に発動できる。このターンのエンドフェイズに、デッキから「メタルフォーゼ」モンスター１体を手札に加える。
18716735,3,レアメタルフォーゼ・ビスマギア,P効果,1.0,炎,サイキック,0,0,【Ｐスケール：青８／赤８】(1)：１ターンに１度、このカード以外の自分フィールドの表側表示のカード１枚を対象として発動できる。そのカードを破壊し、デッキから「メタルフォーゼ」魔法・罠カード１枚を選んで自分フィールドにセットする。【モンスター効果】「レアメタルフォーゼ・ビスマギア」のモンスター効果は１ターンに１度しか使用できない。(1)：フィールドのこのカードが戦闘・効果で破壊された場合に発動できる。このターンのエンドフェイズに、デッキから「メタルフォーゼ」モンスター１体を手札に加える。
18903198,1,,,,,,,,
18993198,4,化合獣オキシン・オックス,デュアル,2.0,風,獣,0,2100,(1)：このカードはフィールド・墓地に存在する限り、通常モンスターとして扱う。(2)：フィールドの通常モンスター扱いのこのカードを通常召喚としてもう１度召喚できる。その場合このカードは効果モンスター扱いとなり以下の効果を得る。●自分メインフェイズに発動できる。手札からデュアルモンスター１体を特殊召喚し、自分フィールドの全てのデュアルモンスターのレベルはターン終了時まで、この効果で特殊召喚したモンスターの元々のレベルと同じになる。「化合獣オキシン・オックス」のこの効果は１ターンに１度しか使用できない。
20050865,1,水晶機巧-シトリィ,チューナー効果,2.0,水,機械,500,500,「水晶機巧-シトリィ」の効果は１ターンに１度しか使用できない。(1)：相手のメインフェイズ及びバトルフェイズに、チューナー以外の自分の墓地のモンスター１体を対象として発動できる。そのモンスターを効果を無効にして特殊召喚し、そのモンスターとこのカードのみを素材として機械族Ｓモンスター１体をＳ召喚する。その時のＳ素材モンスターは墓地へは行かず除外される。
20447641,1,機殻の凍結,通常罠,,,,,,(1)：このカードは発動後、効果モンスター（機械族・地・星４・攻１８００／守１０００）となり、モンスターゾーンに特殊召喚する（罠カードとしては扱わない）。この効果でこのカードを特殊召喚したターン、自分フィールドの「クリフォート」魔法・罠カードは効果では破壊されない。(2)：このカードの効果で特殊召喚したこのカードは、「アポクリフォート」モンスターをアドバンス召喚する場合、３体分のリリースにできる。
211689,1,,,,,,,,
213665266,1,,,,,,,,
21772453,5,花札衛-紅葉に鹿-,特殊召喚,10.0,闇,戦士,1000,1000,このカードは通常召喚できない。「花札衛-紅葉に鹿-」以外の自分フィールドの「花札衛」モンスター１体をリリースした場合に特殊召喚できる。(1)：このカードが特殊召喚に成功した場合に発動する。自分はデッキから１枚ドローし、お互いに確認する。それが「花札衛」モンスターだった場合、相手フィールドの魔法・罠カード１枚を選んで破壊できる。違った場合、そのカードを墓地へ送る。
21772453,5,花札衛-紅葉に鹿-,特殊召喚,10.0,闇,戦士,1000,1000,このカードは通常召喚できない。「花札衛-紅葉に鹿-」以外の自分フィールドの「花札衛」モンスター１体をリリースした場合に特殊召喚できる。(1)：このカードが特殊召喚に成功した場合に発動する。自分はデッキから１枚ドローし、お互いに確認する。それが「花札衛」モンスターだった場合、相手フィールドの魔法・罠カード１枚を選んで破壊できる。違った場合、そのカードを墓地へ送る。
21999001,4,光波双顎機,効果,4.0,光,機械,1600,800,「光波双顎機」の(2)の効果は１ターンに１度しか使用できない。(1)：エクストラデッキから特殊召喚されたモンスターが相手フィールドに存在し、自分フィールドにモンスターが存在しない場合、このカードは手札から特殊召喚できる。(2)：手札を１枚捨てて発動できる。手札・デッキから「サイファー」モンスター１体を特殊召喚する。この効果の発動後、ターン終了時まで自分は「サイファー」モンスターしか特殊召喚できない。
21999661,1,,,,,,,,
22011689,2,捕食植物モーレイ・ネペンテス,効果,4.0,闇,植物,1600,1000,(1)：このカードの攻撃力は、フィールドの捕食カウンターの数×２００アップする。(2)：このカードが戦闘で相手モンスターを破壊した時に発動できる。その破壊したモンスターを装備カード扱いとしてこのカードに装備する。(3)：１ターンに１度、このカードの効果で装備しているモンスターカード１枚を対象として発動できる。そのカードを破壊し、その元々の攻撃力分だけ自分のＬＰを回復する。
2201689,1,,,,,,,,
2339906,1,,,,,,,,
23611686,1,,,,,,,,
25069282,1,,,,,,,,
25669282,1,完全燃焼,通常罠,,,,,,「完全燃焼」は１ターンに１枚しか発動できない。(1)：自分フィールドの表側表示の「化合獣」モンスター１体を除外して発動できる。デッキから「化合獣」モンスター２体を特殊召喚する（同名カードは１枚まで）。(2)：相手モンスターの直接攻撃宣言時に、墓地のこのカードを除外し、除外されている自分のデュアルモンスター１体を対象として発動できる。そのモンスターを特殊召喚する。この効果で特殊召喚したモンスターはもう１度召喚された状態として扱う。この効果はこのカードが墓地へ送られたターンには発動できない。
2665661,1,,,,,,,,
26781870,2,イカサマ御法度,永続罠,,,,,,(1)：１ターンに１度、相手が手札からモンスターを特殊召喚した時に発動できる。手札から特殊召喚された相手フィールドのモンスターを全て持ち主の手札に戻す。(2)：フィールドに「花札衛」Ｓモンスターが存在しない場合にこのカードは墓地へ送られる。
27503418,2,王者の調和,通常罠,,,,,,(1)：相手モンスターが自分のＳモンスターに攻撃宣言した時に発動できる。その攻撃を無効にする。その後、以下の効果を適用できる。●その自分のＳモンスターと自分の墓地のチューナー１体を除外し、除外したモンスターのレベルの合計と同じレベルを持つＳモンスター１体を、エクストラデッキからＳ召喚扱いで特殊召喚する。
29724053,2,サモン・ゲート,永続罠,,,,,,(1)：このカードが魔法＆罠ゾーンに存在する限り、お互いはそれぞれ１ターンに合計３体までしかエクストラデッキからモンスターを特殊召喚できない。
29724053,2,サモン・ゲート,永続罠,,,,,,(1)：このカードが魔法＆罠ゾーンに存在する限り、お互いはそれぞれ１ターンに合計３体までしかエクストラデッキからモンスターを特殊召喚できない。
29838323,4,水晶機巧-シストバーン,効果,3.0,水,機械,1500,1500,「水晶機巧-シストバーン」の(1)(2)の効果は１ターンに１度、いずれか１つしか使用できない。(1)：自分フィールドの表側表示のカード１枚を対象として発動できる。そのカードを破壊し、デッキから「クリストロン」チューナー１体を特殊召喚する。この効果の発動後、ターン終了時まで自分は機械族Ｓモンスターしかエクストラデッキから特殊召喚できない。(2)：墓地のこのカードを除外して発動できる。デッキから「水晶機巧-シストバーン」以外の「クリストロン」モンスター１体を手札に加える。
298383237,1,,,,,,,,
29838333,1,,,,,,,,
30780387,1,,,,,,,,
30786387,1,花積み,通常魔法,,,,,,「花積み」の(2)の効果は１ターンに１度しか使用できない。(1)：デッキから「花札衛」モンスター３種類を選び、好きな順番でデッキの上に戻す。(2)：墓地のこのカードを除外し、自分の墓地の「花札衛」モンスター１体を対象として発動できる。そのモンスターを手札に加える。この効果はこのカードが墓地へ送られたターンには発動できない。
337833236,1,,,,,,,,
33833230,3,ＥＭシール・イール,P効果,1.0,水,魚,100,100,【Ｐスケール：青３／赤３】(1)：１ターンに１度、相手フィールドの表側表示モンスター１体を対象として発動できる。そのモンスターの効果をターン終了時まで無効にする。【モンスター効果】(1)：このカードが召喚・特殊召喚に成功した時、相手フィールドにセットされた魔法・罠カード１枚を対象として発動できる。このターン、そのカードは発動できない。この効果の発動に対して、お互いは魔法・罠・モンスターの効果を発動できない。
33833230,3,ＥＭシール・イール,P効果,1.0,水,魚,100,100,【Ｐスケール：青３／赤３】(1)：１ターンに１度、相手フィールドの表側表示モンスター１体を対象として発動できる。そのモンスターの効果をターン終了時まで無効にする。【モンスター効果】(1)：このカードが召喚・特殊召喚に成功した時、相手フィールドにセットされた魔法・罠カード１枚を対象として発動できる。このターン、そのカードは発動できない。この効果の発動に対して、お互いは魔法・罠・モンスターの効果を発動できない。
35955728,1,,,,,,,,
3752335233,1,,,,,,,,
37626500,2,精霊の祝福,儀式魔法,,,,,,光属性の儀式モンスターの降臨に必要。(1)：レベルの合計が儀式召喚するモンスターと同じになるように、自分の手札・フィールドのモンスターをリリースし、手札から光属性の儀式モンスター１体を儀式召喚する。
37626500,2,精霊の祝福,儀式魔法,,,,,,光属性の儀式モンスターの降臨に必要。(1)：レベルの合計が儀式召喚するモンスターと同じになるように、自分の手札・フィールドのモンスターをリリースし、手札から光属性の儀式モンスター１体を儀式召喚する。
37803970,1,アメイジング・ペンデュラム,通常魔法,,,,,,「アメイジング・ペンデュラム」は１ターンに１枚しか発動できない。(1)：自分のＰゾーンにカードが存在しない場合に発動できる。自分のエクストラデッキから、カード名が異なる表側表示の「魔術師」Ｐモンスター２体を手札に加える。
38026562,1,超化合獣メタン・ハイド,X効果,8.0,炎,獣戦士,3000,3000,レベル８デュアルモンスター×２(1)：このカードがＸ召喚に成功した時、自分の墓地のデュアルモンスター１体を対象として発動できる。そのモンスターを特殊召喚する。(2)：Ｘ素材を持ったこのカードがモンスターゾーンに存在する限り、相手は自分フィールドのデュアルモンスターを攻撃対象にできず、効果の対象にもできない。(3)：デュアルモンスターが召喚に成功した時、このカードのＸ素材を１つ取り除いて発動できる。相手は自身の手札・フィールドのカード１枚を墓地へ送らなければならない。
383326,1,,,,,,,,
383326048,1,,,,,,,,
385716733,1,,,,,,,,
38848158,1,イグナイト・ユナイト,速攻魔法,,,,,,「イグナイト・ユナイト」は１ターンに１枚しか発動できない。(1)：自分フィールドの「イグナイト」カード１枚を対象として発動できる。そのカードを破壊し、デッキから「イグナイト」モンスター１体を特殊召喚する。
38955728,1,竜核の呪霊者,チューナー通常,8.0,闇,ドラゴン,2300,3000,永きに渡って狩り続けたドラゴンの返り血により、常人ならざる力を宿した女戦士。その魂は斃されたドラゴンの怨嗟に染まり、疫病を撒き散らす邪悪な竜核へと成り果てた。もはや帰る故郷もなく、本能のままに刃を血に染めたその目的は、彼女自身にも思い出せない・・・。
42143067,2,怒気土器,効果,2.0,地,岩石,500,500,「怒気土器」の効果は１ターンに１度しか使用できない。(1)：手札の岩石族モンスター１体を捨てて発動できる。そのモンスターと元々の属性・レベルが同じ岩石族モンスター１体を、デッキから表側攻撃表示または裏側守備表示で特殊召喚する。
43266353,1,,,,,,,,
43266505,1,,,,,,,,
43266605,2,ＰＳＹフレーム・マルチスレッダー,効果,6.0,光,サイキック,0,2500,「ＰＳＹフレーム・マルチスレッダー」の(3)の効果は１ターンに１度しか使用できない。(1)：このカードは手札・墓地に存在する限り、「ＰＳＹフレーム・ドライバー」として扱う。(2)：自分フィールドの「ＰＳＹフレーム」カードが戦闘・効果で破壊される場合、代わりに手札のこのカードを捨てる事ができる。(3)：このカードが墓地に存在し、自分フィールドに「ＰＳＹフレーム」チューナーが特殊召喚された場合に発動できる。このカードを墓地から特殊召喚する。この効果で特殊召喚したこのカードは、フィールドから離れた場合に除外される。
43366265,1,,,,,,,,
44088292,3,進化合獣ダイオーキシン,デュアル,8.0,闇,悪魔,2800,200,(1)：このカードはフィールド・墓地に存在する限り、通常モンスターとして扱う。(2)：フィールドの通常モンスター扱いのこのカードを通常召喚としてもう１度召喚できる。その場合このカードは効果モンスター扱いとなり以下の効果を得る。●このカードがモンスターゾーンに存在する限り、デュアルモンスターの召喚は無効化されない。●１ターンに１度、自分の墓地のデュアルモンスター１体を除外し、相手フィールドのカード１枚を対象として発動できる。そのカードを破壊する。
45113363,1,,,,,,,,
4545683,1,,,,,,,,
51053007,1,,,,,,,,
51053997,1,ＰＳＹフレーム・アクセラレーター,永続罠,,,,,,(1)：１ターンに１度、５００ＬＰを払い、自分フィールドの「ＰＳＹフレーム」モンスター１体を対象として発動できる。そのモンスターを次の自分スタンバイフェイズまで除外する。(2)：１ターンに１度、このカード以外の自分フィールドの表側表示の「ＰＳＹフレーム」カードが戦闘以外でフィールドから離れた場合に発動できる。手札から「ＰＳＹフレーム」モンスター１体を特殊召喚する。
52176579,2,クリストロン・エントリー,通常罠,,,,,,「クリストロン・エントリー」の(2)の効果は１ターンに１度しか使用できない。(1)：自分の手札・墓地から「クリストロン」チューナーをそれぞれ１体ずつ選んで特殊召喚する。(2)：墓地のこのカードを除外し、自分フィールドの「クリストロン」モンスター１体を対象として発動できる。そのモンスターのレベルと異なるレベルを持つ「クリストロン」モンスター１体をデッキから墓地へ送る。対象のモンスターのレベルは、墓地へ送ったモンスターのレベルと同じになる。この効果はこのカードが墓地へ送られたターンには発動できない。
53047891,1,,,,,,,,
53049936,1,,,,,,,,
5326322,1,,,,,,,,
53306746,1,,,,,,,,
533383106,1,,,,,,,,
5383100,1,,,,,,,,
55100716,1,,,,,,,,
55100740,4,化合獣ハイドロン・ホーク,デュアル,2.0,水,鳥獣,1400,700,(1)：このカードはフィールド・墓地に存在する限り、通常モンスターとして扱う。(2)：フィールドの通常モンスター扱いのこのカードを通常召喚としてもう１度召喚できる。その場合このカードは効果モンスター扱いとなり以下の効果を得る。●手札を１枚捨て、自分の墓地のデュアルモンスター１体を対象として発動できる。そのモンスターを守備表示で特殊召喚する。「化合獣ハイドロン・ホーク」のこの効果は１ターンに１度しか使用できない。
551053997,1,,,,,,,,
55323007,1,,,,,,,,
55326322,4,水晶機巧-ローズニクス,効果,4.0,水,機械,1800,1000,「水晶機巧-ローズニクス」の(1)(2)の効果は１ターンに１度、いずれか１つしか使用できない。(1)：自分フィールドの表側表示のカード１枚を対象として発動できる。そのカードを破壊し、デッキから「クリストロン」チューナー１体を特殊召喚する。この効果の発動後、ターン終了時まで自分は機械族Ｓモンスターしかエクストラデッキから特殊召喚できない。(2)：墓地のこのカードを除外して発動できる。自分フィールドに「水晶機巧トークン」（機械族・水・星１・攻／守０）１体を特殊召喚する。このトークンはリリースできない。
553265,1,,,,,,,,
56049970,3,水晶機巧-プラシレータ,効果,2.0,水,機械,500,2000,「水晶機巧-プラシレータ」の(1)(2)の効果は１ターンに１度、いずれか１つしか使用できない。(1)：自分フィールドの表側表示のカード１枚を対象として発動できる。そのカードを破壊し、デッキから「クリストロン」チューナー１体を特殊召喚する。この効果の発動後、ターン終了時まで自分は機械族Ｓモンスターしかエクストラデッキから特殊召喚できない。(2)：墓地のこのカードを除外して発動できる。手札から「クリストロン」モンスター１体を特殊召喚する。
567049970,1,,,,,,,,
57201508,1,,,,,,,,
57261568,4,花札衛-牡丹に蝶-,特召チューナー,6.0,闇,戦士,1000,1000,このカードは通常召喚できない。「花札衛-牡丹に蝶-」以外の自分フィールドの「花札衛」モンスター１体をリリースした場合に特殊召喚できる。(1)：このカードが特殊召喚に成功した場合に発動する。自分はデッキから１枚ドローし、お互いに確認する。それが「花札衛」モンスターだった場合、相手のデッキの上からカードを３枚確認し、好きな順番でデッキの上か下に戻す。違った場合、そのカードを墓地へ送る。(2)：フィールドのこのカードをＳ素材とする場合、このカードを含む全てのＳ素材モンスターをレベル２モンスターとして扱う事ができる。
57261568,4,花札衛-牡丹に蝶-,特召チューナー,6.0,闇,戦士,1000,1000,このカードは通常召喚できない。「花札衛-牡丹に蝶-」以外の自分フィールドの「花札衛」モンスター１体をリリースした場合に特殊召喚できる。(1)：このカードが特殊召喚に成功した場合に発動する。自分はデッキから１枚ドローし、お互いに確認する。それが「花札衛」モンスターだった場合、相手のデッキの上からカードを３枚確認し、好きな順番でデッキの上か下に戻す。違った場合、そのカードを墓地へ送る。(2)：フィールドのこのカードをＳ素材とする場合、このカードを含む全てのＳ素材モンスターをレベル２モンスターとして扱う事ができる。
57263535,1,,,,,,,,
57831349,2,竜星の九支,カウンター罠,,,,,,(1)：自分フィールドに「竜星」カードが存在し、モンスターの効果・魔法・罠カードが発動した時に発動できる。その発動を無効にし、そのカードを持ち主のデッキに戻す。その後、このカード以外の自分フィールドの「竜星」カード１枚を選んで破壊する。
58383100,2,光波鏡騎士,効果,4.0,光,戦士,0,0,「光波鏡騎士」の(2)の効果は１ターンに１度しか使用できない。(1)：自分の「サイファー」モンスター１体が戦闘で破壊され自分の墓地へ送られた時、このカードを手札から捨てて発動できる。自分の手札・フィールドのカード１枚を選んで墓地へ送り、その破壊されたモンスターを特殊召喚する。(2)：このカードが墓地へ送られたターンのエンドフェイズに発動できる。デッキから「サイファー」カード１枚を手札に加える。
583831753,1,,,,,,,,
63992027,3,二重光波,通常罠,,,,,,(1)：フィールドの攻撃力が一番高いモンスターが相手フィールドに存在する場合、自分フィールドのＸ素材を持った、「ギャラクシーアイズ」Ｘモンスターまたは「サイファー」Ｘモンスター１体を対象として発動できる。そのＸモンスターのＸ素材を全て取り除き、そのＸモンスターの同名モンスター１体をエクストラデッキから特殊召喚する。
63992027,3,二重光波,通常罠,,,,,,(1)：フィールドの攻撃力が一番高いモンスターが相手フィールドに存在する場合、自分フィールドのＸ素材を持った、「ギャラクシーアイズ」Ｘモンスターまたは「サイファー」Ｘモンスター１体を対象として発動できる。そのＸモンスターのＸ素材を全て取り除き、そのＸモンスターの同名モンスター１体をエクストラデッキから特殊召喚する。
65163337,1,,,,,,,,
65230257,1,,,,,,,,
65236257,2,創星の因子,速攻魔法,,,,,,(1)：このカード以外の自分フィールドの「テラナイト」カードの数だけ、フィールドの魔法・罠カードを選んで破壊する。
65959844,2,化合電界,フィールド魔法,,,,,,(1)：このカードがフィールドゾーンに存在する限り、自分はレベル５以上のデュアルモンスターを召喚する場合に必要なリリースをなくす事ができる。この効果は１ターンに１度しか適用できない。(2)：このカードがフィールドゾーンに存在する限り、自分は通常召喚に加えて１度だけ、自分メインフェイズにデュアルモンスター１体を召喚できる。(3)：１ターンに１度、相手フィールドのカード１枚を対象として発動できる。自分フィールドのもう１度召喚した状態のデュアルモンスター１体を相手のエンドフェイズまで除外し、対象のカードを破壊する。
66171432,3,超こいこい,通常魔法,,,,,,「超こいこい」は１ターンに１枚しか発動できない。(1)：自分のデッキの上からカードを３枚めくり、その中の「花札衛」モンスターを可能な限り、召喚条件を無視して特殊召喚する。この効果で特殊召喚したモンスターのレベルは２になり、効果は無効化される。残りのカードは全て裏側表示で除外し、自分は除外したカードの数×１０００ＬＰを失う。(2)：墓地のこのカードを除外し、自分フィールドのモンスター１体をリリースして発動できる。手札から「花札衛」モンスター１体を召喚条件を無視して特殊召喚する。
671450427,1,,,,,,,,
675536818,1,,,,,,,,
69105797,3,捕食植物スキッド・ドロセーラ,効果,2.0,闇,植物,800,400,(1)：このカードを手札から墓地へ送り、自分フィールドの表側表示モンスター１体を対象として発動できる。このターン、そのモンスターは捕食カウンターを置かれた相手モンスター全てに１回ずつ攻撃できる。(2)：表側表示のこのカードがフィールドから離れた場合に発動する。相手フィールドの特殊召喚されたモンスター全てに捕食カウンターを１つずつ置く。捕食カウンターが置かれたレベル２以上のモンスターのレベルは１になる。
69228245,5,ＥＭチェーンジラフ,P効果,1.0,地,獣,100,500,【Ｐスケール：青５／赤５】(1)：自分のモンスター１体が戦闘で破壊された時に発動できる。このカードを破壊し、その戦闘で破壊されたモンスターを攻撃表示で特殊召喚する。この効果で特殊召喚したモンスターは、このターン戦闘では破壊されない。【モンスター効果】(1)：このカードが召喚・特殊召喚に成功した時、相手フィールドの表側表示モンスター１体を対象として発動できる。このモンスターが表側表示で存在する間、対象の表側表示モンスターは攻撃できず、効果は無効化される。
69228245,5,ＥＭチェーンジラフ,P効果,1.0,地,獣,100,500,【Ｐスケール：青５／赤５】(1)：自分のモンスター１体が戦闘で破壊された時に発動できる。このカードを破壊し、その戦闘で破壊されたモンスターを攻撃表示で特殊召喚する。この効果で特殊召喚したモンスターは、このターン戦闘では破壊されない。【モンスター効果】(1)：このカードが召喚・特殊召喚に成功した時、相手フィールドの表側表示モンスター１体を対象として発動できる。このモンスターが表側表示で存在する間、対象の表側表示モンスターは攻撃できず、効果は無効化される。
742143067,1,,,,,,,,
76359406,3,水晶機巧-アメトリクス,S効果,5.0,水,機械,2500,1500,チューナー＋チューナー以外のモンスター１体以上(1)：このカードがＳ召喚した場合に発動できる。相手フィールドの特殊召喚された表側表示モンスターを全て守備表示にする。(2)：Ｓ召喚したこのカードが戦闘・効果で破壊された場合、Ｓモンスター以外の自分の墓地の「クリストロン」モンスター１体を対象として発動できる。そのモンスターを特殊召喚する。
76471944,2,超重忍者サルト-Ｂ,S効果,8.0,地,機械,2000,2800,機械族チューナー＋チューナー以外の「超重武者」モンスター１体以上このカードはルール上「超重武者」カードとしても扱う。(1)：このカードは表側守備表示のままで攻撃できる。その場合、このカードは守備力を攻撃力として扱いダメージ計算を行う。(2)：１ターンに１度、自分の墓地に魔法・罠カードが存在しない場合、フィールドの魔法・罠カード１枚を対象として発動できる。そのカードを破壊し、相手に５００ダメージを与える。この効果は相手ターンでも発動できる。
782321037,1,,,,,,,,
78316184,1,サイバー・エンジェル-美朱濡-,儀式効果,10.0,光,天使,3000,2000,「機械天使の儀式」により降臨。(1)：このカードが儀式召喚に成功した場合に発動できる。エクストラデッキから特殊召喚された相手フィールドのモンスターを全て破壊し、破壊したモンスターの数×１０００ダメージを相手に与える。このターン、このカードは１度のバトルフェイズ中に２回攻撃できる。(2)：１ターンに１度、フィールドのカードを破壊する魔法・罠・モンスターの効果が発動した時、自分の墓地の儀式モンスター１体をデッキに戻して発動できる。その発動を無効にし破壊する。
790809975,1,,,,,,,,
79538761,3,トルクチューン・ギア,ユニオンチューナー,1.0,光,機械,0,0,(1)：１ターンに１度、以下の効果から１つを選択して発動できる。●自分フィールドの表側表示モンスター１体を対象とし、このカードを装備カード扱いとしてそのモンスターに装備する。装備モンスターが戦闘・効果で破壊される場合、代わりにこのカードを破壊する。●装備されているこのカードを特殊召喚する。(2)：装備モンスターをチューナーとして扱い、攻撃力・守備力は５００アップする。
80250319,4,グレイドル・スライムＪｒ.,チューナー効果,2.0,水,水,0,2000,(1)：このカードが召喚に成功した時、自分の墓地の「グレイドル」モンスター１体を対象として発動できる。そのモンスターを特殊召喚する。その後、この効果で特殊召喚したモンスターと同じレベルの水族モンスター１体を手札から特殊召喚できる。この効果の発動後、ターン終了時まで自分は水属性モンスターしか特殊召喚できない。(2)：このカードが戦闘で破壊され墓地へ送られた時に発動できる。デッキから「グレイドル」モンスター１体を特殊召喚する。
80470891,1,,,,,,,,
80476891,3,進化合獣ヒュードラゴン,デュアル,8.0,水,ドラゴン,200,2800,(1)：このカードはフィールド・墓地に存在する限り、通常モンスターとして扱う。(2)：フィールドの通常モンスター扱いのこのカードを通常召喚としてもう１度召喚できる。その場合このカードは効果モンスター扱いとなり以下の効果を得る。●このカード以外のデュアルモンスターが召喚に成功した時に発動できる。そのモンスターの攻撃力・守備力は５００アップする。●自分フィールドのデュアルモンスターが効果で破壊される場合、代わりに自分フィールドのカード１枚を破壊できる。
81539734,1,,,,,,,,
81599343,1,,,,,,,,
81599423,1,,,,,,,,
81599449,3,化合獣カーボン・クラブ,デュアル,2.0,炎,水,700,1400,(1)：このカードはフィールド・墓地に存在する限り、通常モンスターとして扱う。(2)：フィールドの通常モンスター扱いのこのカードを通常召喚としてもう１度召喚できる。その場合このカードは効果モンスター扱いとなり以下の効果を得る。●自分メインフェイズに発動できる。デッキからデュアルモンスター１体を墓地へ送る。その後、デッキからデュアルモンスター１体を手札に加える。「化合獣カーボン・クラブ」のこの効果は１ターンに１度しか使用できない。
82321037,2,真竜皇バハルストスＦ,効果,9.0,水,幻竜,1800,3000,「真竜皇バハルストスＦ」の(1)(2)の効果はそれぞれ１ターンに１度しか使用できない。(1)：自分メインフェイズに発動できる。このカード以外の手札及び自分フィールドの表側表示モンスターの中から、水属性モンスターを含むモンスター２体を破壊し、このカードを手札から特殊召喚し、水属性モンスターを２体破壊した場合、相手のフィールド・墓地から魔法・罠カードを２枚まで選んで除外できる。(2)：このカードが効果で破壊された場合に発動できる。デッキから水属性以外の幻竜族モンスター１体を守備表示で特殊召喚する。
82321037,2,真竜皇バハルストスＦ,効果,9.0,水,幻竜,1800,3000,「真竜皇バハルストスＦ」の(1)(2)の効果はそれぞれ１ターンに１度しか使用できない。(1)：自分メインフェイズに発動できる。このカード以外の手札及び自分フィールドの表側表示モンスターの中から、水属性モンスターを含むモンスター２体を破壊し、このカードを手札から特殊召喚し、水属性モンスター２体を破壊した場合、相手のフィールド・墓地から魔法・罠カードを２枚まで選んで除外できる。(2)：このカードが効果で破壊された場合に発動できる。デッキから水属性以外の幻竜族モンスター１体を守備表示で特殊召喚する。
83443619,5,水晶機巧-スモーガー,効果,3.0,水,機械,1000,1800,「水晶機巧-スモーガー」の(1)(2)の効果は１ターンに１度、いずれか１つしか使用できない。(1)：自分フィールドの表側表示のカード１枚を対象として発動できる。そのカードを破壊し、デッキから「クリストロン」チューナー１体を特殊召喚する。この効果の発動後、ターン終了時まで自分は機械族Ｓモンスターしかエクストラデッキから特殊召喚できない。(2)：墓地のこのカードを除外して発動できる。デッキから「クリストロン」魔法・罠カード１枚を手札に加える。
8383100,1,,,,,,,,
84442536,1,グレイドル・コンバット,カウンター罠,,,,,,(1)：自分フィールドの「グレイドル」モンスター１体のみを対象とするモンスターの効果・魔法・罠カードが発動した時、以下の効果から１つを選択して発動できる。●その効果は「対象のモンスター１体を破壊する」となる。●その発動を無効にし破壊する。
852503179,1,,,,,,,,
862322333,1,,,,,,,,
86470891,1,,,,,,,,
90519313,1,検疫,永続魔法,,,,,,(1)：自分・相手のエンドフェイズに相手フィールドにセットされた魔法・罠カード１枚を対象としてこの効果を発動できる。そのカードを確認し、元に戻す。
90809975,1,餅カエル,X効果,2.0,水,水,2200,0,水族レベル２モンスター×２(1)：自分・相手のスタンバイフェイズにこのカードのＸ素材を１つ取り除いて発動できる。デッキから「ガエル」モンスター１体を特殊召喚する。(2)：１ターンに１度、相手がモンスターの効果・魔法・罠カードを発動した時、自分の手札・フィールドの水族モンスター１体を墓地へ送って発動できる。その発動を無効にし破壊する。その後、破壊したカードを自分フィールドにセットできる。(3)：このカードが墓地へ送られた場合、自分の墓地の水属性モンスター１体を対象として発動できる。そのモンスターを手札に加える。
9105797,1,,,,,,,,
91231901,2,「Ａ」細胞組み換え装置,速攻魔法,,,,,,(1)：フィールドの表側表示モンスター１体を対象として発動できる。デッキから「エーリアン」モンスター１体を墓地へ送り、墓地へ送ったモンスターのレベルの数だけ、対象のモンスターにＡカウンターを置く。(2)：自分メインフェイズに墓地のこのカードを除外して発動できる。デッキから「エーリアン」モンスター１体を手札に加える。この効果はこのカードが墓地へ送られたターンには発動できない。
91449532,4,ＥＭオールカバー・ヒッポ,効果,3.0,地,獣,800,800,(1)：このカードが召喚に成功した時に発動できる。手札から「ＥＭ」モンスター１体を特殊召喚する。この効果で特殊召喚したモンスターの効果はターン終了時まで無効化される。(2)：１ターンに１度、自分メインフェイズに発動できる。自分フィールドのモンスターを全て守備表示にする。
91449532,4,ＥＭオールカバー・ヒッポ,効果,3.0,地,獣,800,800,(1)：このカードが召喚に成功した時に発動できる。手札から「ＥＭ」モンスター１体を特殊召喚する。この効果で特殊召喚したモンスターの効果はターン終了時まで無効化される。(2)：１ターンに１度、自分メインフェイズに発動できる。自分フィールドのモンスターを全て守備表示にする。
92353449,1,レッドアイズ・インサイト,通常魔法,,,,,,「レッドアイズ・インサイト」は１ターンに１枚しか発動できない。(1)：手札・デッキから「レッドアイズ」モンスター１体を墓地へ送って発動できる。デッキから「レッドアイズ・インサイト」以外の「レッドアイズ」魔法・罠カード１枚を手札に加える。
9344953,1,,,,,,,,
93665266,1,水晶機巧-クオン,チューナー効果,1.0,水,機械,500,500,「水晶機巧-クオン」の効果は１ターンに１度しか使用できない。(1)：相手のメインフェイズ及びバトルフェイズに発動できる。手札からチューナー以外のモンスター１体を効果を無効にして特殊召喚し、そのモンスターとこのカードのみを素材として機械族Ｓモンスター１体をＳ召喚する。
94388752,1,,,,,,,,
94388754,3,花札衛-萩に猪-,特殊召喚,7.0,闇,戦士,1000,1000,このカードは通常召喚できない。「花札衛-萩に猪-」以外の自分フィールドの「花札衛」モンスター１体をリリースした場合に特殊召喚できる。(1)：このカードが特殊召喚に成功した場合に発動する。自分はデッキから１枚ドローし、お互いに確認する。それが「花札衛」モンスターだった場合、相手フィールドのモンスター１体を選んで破壊できる。違った場合、そのカードを墓地へ送る。
95500396,2,超重武者装留チュウサイ,効果,1.0,地,機械,0,0,「超重武者装留チュウサイ」の(3)の効果は１ターンに１度しか使用できない。(1)：自分メインフェイズに自分フィールドの「超重武者」モンスター１体を対象として発動できる。自分の手札・フィールドのこのモンスターを装備カード扱いとしてその自分のモンスターに装備する。(2)：このカードの効果でこのカードが装備されている場合、相手は装備モンスター以外の自分のモンスターを攻撃できない。(3)：このカードの効果でこのカードを装備した自分のモンスターをリリースして発動できる。デッキから「超重武者」モンスター１体を特殊召喚する。
95500396,2,超重武者装留チュウサイ,効果,1.0,地,機械,0,0,「超重武者装留チュウサイ」の(3)の効果は１ターンに１度しか使用できない。(1)：自分メインフェイズに自分フィールドの「超重武者」モンスター１体を対象として発動できる。自分の手札・フィールドからこのモンスターを装備カード扱いとしてその自分のモンスターに装備する。(2)：このカードの効果でこのカードが装備されている場合、相手は装備モンスター以外の自分のモンスターを攻撃できない。(3)：このカードの効果でこのカードを装備した自分のモンスターをリリースして発動できる。デッキから「超重武者」モンスター１体を特殊召喚する。
96022984,1,,,,,,,,
96622984,1,捕食植物フライ・ヘル,効果,2.0,闇,植物,400,800,(1)：１ターンに１度、相手フィールドの表側表示モンスター１体を対象として発動できる。そのモンスターに捕食カウンターを１つ置く。捕食カウンターが置かれたレベル２以上のモンスターのレベルは１になる。(2)：このカードがこのカードのレベル以下のレベルを持つモンスターと戦闘を行うダメージステップ開始時に発動できる。そのモンスターを破壊する。その後、破壊したそのモンスターの元々のレベル分だけ、このカードのレベルを上げる。
973306395,1,,,,,,,,
980250319,1,,,,,,,,
99274184,1,クリストロン・インパクト,通常罠,,,,,,(1)：除外されている自分の「クリストロン」モンスター１体を対象として発動できる。そのモンスターを特殊召喚し、相手フィールドに表側表示モンスターが存在する場合、その相手モンスターの守備力は０になる。(2)：自分フィールドの「クリストロン」モンスターを対象とした魔法・罠・モンスターの効果が発動した時、墓地のこのカードを除外して発動できる。その効果を無効にする。この効果はこのカードが墓地へ送られたターンには発動できない。
99397762,1,光波防輪,通常罠,,,,,,(1)：自分フィールドの、「ギャラクシーアイズ」Ｘモンスターまたは「サイファー」Ｘモンスター１体を対象として発動できる。このカードをそのモンスターの下に重ねてＸ素材とし、そのモンスターはこのターンに１度だけ戦闘・効果では破壊されない。
99397762,1,光波防輪,通常罠,,,,,,(1)：自分フィールドの、「ギャラクシーアイズ」Ｘモンスターまたは「サイファー」Ｘモンスター１体を対象として発動できる。このカードをそのモンスターの下に重ねてＸ素材とし、そのモンスターはこのターンに１度だけ戦闘・効果では破壊されない。
